{"cameraMode":{"drawMode":0,"name":"Shaded","section":"Shading Mode"},"sceneLighting":false,"audioPlay":false,"sceneViewState":{"showFog":true,"showMaterialUpdate":true,"showSkybox":true,"showFlares":true,"showImageEffects":true,"showParticleSystems":true},"in2DMode":false,"pivot":{"x":59.59111785888672,"y":-31.840686798095704,"z":277.2481384277344},"rotation":{"x":-0.15357375144958497,"y":-0.7155116200447083,"z":0.16625694930553437,"w":-0.66092848777771},"size":139.62571716308595,"orthographic":false}