{"cameraMode":{"drawMode":0,"name":"Shaded","section":"Shading Mode"},"sceneLighting":false,"audioPlay":false,"sceneViewState":{"showFog":true,"showMaterialUpdate":true,"showSkybox":false,"showFlares":true,"showImageEffects":true,"showParticleSystems":true},"in2DMode":false,"pivot":{"x":-0.29864341020584109,"y":1.0759801864624024,"z":-18.195829391479493},"rotation":{"x":-0.01972535066306591,"y":-0.9799817204475403,"z":0.12743216753005982,"w":-0.1516992598772049},"size":3.2587544918060304,"orthographic":false}